ID,Data,texto,sentimento
0,2024-07-01,Bitcoin atinge novo recorde histórico! #Bitcoin #Cripto,Positivo
1,2024-07-01,Ethereum está revolucionando o mercado de contratos inteligentes.,Positivo
2,2024-07-01,Cardano e Polkadot são as criptomoedas mais promissoras do ano.,Positivo
3,2024-07-01,"Investir em criptomoedas pode ser arriscado, mas também muito lucrativo.",Positivo
4,2024-07-01,A adoção de Bitcoin como moeda legal em países emergentes está crescendo.,Positivo
5,2024-07-01,Stablecoins oferecem uma alternativa menos volátil para investidores.,Positivo
6,2024-07-01,O lançamento do Ethereum 2.0 promete melhorar a escalabilidade da rede.,Positivo
7,2024-07-01,Grandes empresas começam a aceitar pagamentos em Bitcoin.,Positivo
8,2024-07-01,Criptoativos são a nova fronteira da inovação financeira.,Positivo
9,2024-07-01,Investidores institucionais estão começando a entrar no mercado de criptos.,Positivo
10,2024-07-01,Bitcoin pode chegar a valer mais de 100 mil dólares nos próximos anos.,Positivo
11,2024-07-01,Criptomoedas estão mudando a forma como vemos o dinheiro.,Positivo
12,2024-07-01,É possível ganhar dinheiro com criptomoedas?,Positivo
13,2024-07-01,Blockchain pode revolucionar diversos setores além das criptomoedas.,Positivo
14,2024-07-01,O interesse em criptomoedas está crescendo entre jovens investidores.,Positivo
15,2024-07-01,Muitos acreditam que o Bitcoin é o ouro digital.,Positivo
16,2024-07-01,A aceitação de Bitcoin por empresas está se tornando mais comum.,Positivo
17,2024-07-01,Novas tecnologias blockchain estão sendo desenvolvidas para melhorar a eficiência.,Positivo
18,2024-07-01,O mercado de criptomoedas está amadurecendo rapidamente.,Positivo
19,2024-07-01,Mais países estão considerando legalizar o uso de criptomoedas.,Positivo
20,2024-07-01,Investidores que acreditam em Bitcoin estão vendo retornos significativos.,Positivo
21,2024-07-01,Criptomoedas oferecem uma nova forma de liberdade financeira.,Positivo
22,2024-07-01,A blockchain está trazendo transparência para vários setores.,Positivo
23,2024-07-01,Investir em criptoativos pode ser uma excelente estratégia de longo prazo.,Positivo
24,2024-07-01,O aumento da adoção de criptomoedas está impulsionando o mercado.,Positivo
25,2024-07-01,Criptoativos estão sendo vistos como uma nova classe de ativos.,Positivo
26,2024-07-01,O Bitcoin é considerado uma proteção contra a inflação.,Positivo
27,2024-07-01,Empresas de tecnologia estão investindo pesado em blockchain.,Positivo
28,2024-07-01,O futuro das finanças pode estar na descentralização das criptomoedas.,Positivo
29,2024-07-01,"O mercado cripto está cada vez mais regulamentado, o que traz segurança.",Positivo
30,2024-07-01,Bitcoin está sendo utilizado como reserva de valor em muitos países.,Positivo
31,2024-07-01,A infraestrutura de criptomoedas está se expandindo globalmente.,Positivo
32,2024-07-01,O desenvolvimento de novas criptomoedas está impulsionando a inovação.,Positivo
33,2024-07-01,Muitas pessoas estão mudando suas vidas com investimentos em cripto.,Positivo
34,2024-07-01,A adoção institucional de criptomoedas está acelerando.,Positivo
35,2024-07-01,A volatilidade do mercado cripto cria oportunidades lucrativas.,Positivo
36,2024-07-01,O mercado de NFTs está criando novas oportunidades para artistas.,Positivo
37,2024-07-01,Os contratos inteligentes do Ethereum estão mudando a forma de fazer negócios.,Positivo
38,2024-07-01,As criptomoedas podem democratizar o acesso ao sistema financeiro.,Positivo
39,2024-07-01,Criptoativos são a próxima grande inovação no mercado financeiro.,Positivo
40,2024-07-01,Investidores de longo prazo estão otimistas com o futuro do Bitcoin.,Positivo
41,2024-07-01,A blockchain pode resolver muitos problemas de confiança no mercado.,Positivo
42,2024-07-01,A escalabilidade das criptomoedas está melhorando com novas soluções.,Positivo
43,2024-07-01,Criptoativos oferecem diversificação em portfólios de investimento.,Positivo
44,2024-07-01,Muitos especialistas acreditam no potencial de valorização do Bitcoin.,Positivo
45,2024-07-01,As criptomoedas oferecem alternativas ao sistema bancário tradicional.,Positivo
46,2024-07-01,Os avanços na tecnologia blockchain estão criando novos mercados.,Positivo
47,2024-07-01,O uso de criptomoedas está crescendo exponencialmente.,Positivo
48,2024-07-01,A inovação no mercado cripto está apenas começando.,Positivo
49,2024-07-01,Criptomoedas estão redefinindo o conceito de dinheiro.,Positivo
50,2024-07-01,A volatilidade das criptomoedas está assustando os investidores.,Negativo
51,2024-07-01,Hackers roubam milhões em criptoativos de exchange descentralizada.,Negativo
52,2024-07-01,Muitos ainda desconfiam da segurança das criptomoedas.,Negativo
53,2024-07-01,A mineração de criptomoedas consome muita energia elétrica.,Negativo
54,2024-07-01,Reguladores estão de olho nas exchanges de criptomoedas.,Negativo
55,2024-07-01,O mercado de criptomoedas é extremamente volátil.,Negativo
56,2024-07-01,Muitos especialistas acreditam que o Bitcoin é uma bolha.,Negativo
57,2024-07-01,O futuro das criptomoedas depende de regulamentações claras.,Negativo
58,2024-07-01,Criptomoedas são usadas para lavagem de dinheiro?,Negativo
59,2024-07-01,A volatilidade do Bitcoin é uma faca de dois gumes.,Negativo
60,2024-07-01,A regulamentação pode sufocar o crescimento das criptomoedas.,Negativo
61,2024-07-01,Alguns países estão banindo o uso de criptomoedas.,Negativo
62,2024-07-01,Os investidores estão preocupados com as quedas recentes das criptomoedas.,Negativo
63,2024-07-01,O uso ilícito de criptomoedas está aumentando.,Negativo
64,2024-07-01,A adoção de criptomoedas está enfrentando resistência em muitos setores.,Negativo
65,2024-07-01,Hackers continuam a explorar vulnerabilidades em exchanges de cripto.,Negativo
66,2024-07-01,A segurança das criptomoedas continua a ser uma preocupação.,Negativo
67,2024-07-01,A falta de regulamentação clara está afastando investidores tradicionais.,Negativo
68,2024-07-01,As quedas acentuadas do Bitcoin estão causando pânico no mercado.,Negativo
69,2024-07-01,Muitos investidores perderam dinheiro com a queda das criptomoedas.,Negativo
70,2024-07-01,A mineração de criptomoedas está enfrentando críticas ambientais.,Negativo
71,2024-07-01,O mercado cripto é alvo constante de ataques cibernéticos.,Negativo
72,2024-07-01,A volatilidade das criptomoedas pode causar grandes perdas.,Negativo
73,2024-07-01,Os críticos dizem que as criptomoedas são uma moda passageira.,Negativo
74,2024-07-01,O risco de fraude em transações cripto é alto.,Negativo
75,2024-07-01,Criptomoedas podem ser usadas para atividades ilícitas.,Negativo
76,2024-07-01,A regulação estrita pode dificultar a inovação no setor cripto.,Negativo
77,2024-07-01,Alguns bancos estão se recusando a aceitar criptomoedas.,Negativo
78,2024-07-01,A instabilidade do mercado cripto é um grande desafio.,Negativo
79,2024-07-01,A adoção em massa de criptomoedas pode ser lenta e difícil.,Negativo
80,2024-07-01,Muitos acreditam que o mercado cripto é uma bolha prestes a estourar.,Negativo
81,2024-07-01,A falta de proteção ao consumidor no mercado cripto é preocupante.,Negativo
82,2024-07-01,Os escândalos em exchanges cripto estão afetando a confiança dos investidores.,Negativo
83,2024-07-01,A resistência dos governos às criptomoedas pode ser um obstáculo.,Negativo
84,2024-07-01,A adoção de criptomoedas está sendo barrada por problemas regulatórios.,Negativo
85,2024-07-01,O mercado cripto é conhecido por suas grandes oscilações de preço.,Negativo
86,2024-07-01,Hackers estão roubando bilhões em criptoativos.,Negativo
87,2024-07-01,O uso de criptomoedas em atividades criminosas está aumentando.,Negativo
88,2024-07-01,A instabilidade das criptomoedas é um problema constante.,Negativo
89,2024-07-01,Os reguladores estão pressionando por maior controle sobre o mercado cripto.,Negativo
90,2024-07-01,A mineração de Bitcoin está enfrentando dificuldades devido ao alto consumo de energia.,Negativo
91,2024-07-01,A incerteza regulatória está afastando grandes investidores das criptomoedas.,Negativo
92,2024-07-01,O uso de criptomoedas em esquemas fraudulentos está em alta.,Negativo
93,2024-07-01,As perdas no mercado cripto estão causando preocupações entre investidores.,Negativo
94,2024-07-01,Muitos veem as criptomoedas como uma aposta arriscada.,Negativo
95,2024-07-01,O medo de perder dinheiro está impedindo a adoção de criptomoedas.,Negativo
96,2024-07-01,A falta de infraestrutura adequada está dificultando o crescimento das criptomoedas.,Negativo
97,2024-07-01,As criptomoedas ainda são vistas com desconfiança por muitos.,Negativo
98,2024-07-01,Regulamentações para criptomoedas estão sendo discutidas globalmente.,Neutro
99,2024-07-01,Governos consideram a criação de suas próprias moedas digitais.,Neutro
100,2024-07-01,A blockchain pode ser usada para mais do que apenas criptomoedas.,Neutro
101,2024-07-01,Como proteger suas criptomoedas de hackers e fraudes?,Neutro
102,2024-07-01,A mineração de criptomoedas é um tópico em debate.,Neutro
103,2024-07-01,A tecnologia blockchain está sendo explorada em vários setores.,Neutro
104,2024-07-01,Os investidores estão atentos às mudanças no mercado de criptomoedas.,Neutro
105,2024-07-01,"O futuro das criptomoedas é incerto, mas promissor.",Neutro
106,2024-07-01,"As criptomoedas estão ganhando espaço, mas ainda enfrentam desafios.",Neutro
107,2024-07-01,A regulamentação do mercado cripto é inevitável.,Neutro
108,2024-07-01,"O interesse por NFTs está crescendo, mas com cautela.",Neutro
109,2024-07-01,A volatilidade das criptomoedas é um fato conhecido.,Neutro
110,2024-07-01,"A adoção de criptomoedas está em ascensão, apesar dos desafios.",Neutro
111,2024-07-01,As stablecoins estão ganhando popularidade como alternativa às criptomoedas voláteis.,Neutro
112,2024-07-01,O mercado cripto é dinâmico e está em constante evolução.,Neutro
113,2024-07-01,A blockchain é a tecnologia subjacente às criptomoedas.,Neutro
114,2024-07-01,A regulação do mercado cripto ainda está em fase inicial.,Neutro
115,2024-07-01,A adoção de criptomoedas varia amplamente entre os países.,Neutro
116,2024-07-01,O uso de criptomoedas está se expandindo para além do investimento.,Neutro
117,2024-07-01,A mineração de criptomoedas é uma atividade global.,Neutro
118,2024-07-01,"As criptomoedas estão criando novas oportunidades, mas também riscos.",Neutro
119,2024-07-01,A tecnologia blockchain está sendo adotada em diferentes indústrias.,Neutro
120,2024-07-01,As exchanges de criptomoedas estão evoluindo para se adequar às regulamentações.,Neutro
121,2024-07-01,"O uso de criptomoedas está crescendo, mas ainda é limitado.",Neutro
122,2024-07-01,A educação financeira sobre criptomoedas é fundamental para a adoção.,Neutro
123,2024-07-01,A aceitação de criptomoedas como pagamento está aumentando lentamente.,Neutro
124,2024-07-01,A volatilidade é uma característica intrínseca das criptomoedas.,Neutro
125,2024-07-01,O impacto ambiental da mineração de criptomoedas é uma preocupação crescente.,Neutro
126,2024-07-01,A infraestrutura de suporte a criptomoedas está se desenvolvendo.,Neutro
127,2024-07-01,As criptomoedas estão se tornando parte do mercado financeiro tradicional.,Neutro
128,2024-07-01,A adoção de criptomoedas está impulsionando o desenvolvimento de novas tecnologias.,Neutro
129,2024-07-01,O mercado cripto está em transformação constante.,Neutro
130,2024-07-01,A blockchain oferece uma forma segura de registrar transações.,Neutro
131,2024-07-01,O mercado de NFTs é uma nova fronteira para colecionadores e criadores.,Neutro
132,2024-07-01,A evolução das criptomoedas depende de inovações tecnológicas contínuas.,Neutro
133,2024-07-01,"A popularidade das criptomoedas está aumentando, mas com desafios.",Neutro
134,2024-07-01,A tecnologia por trás das criptomoedas está sendo aprimorada.,Neutro
135,2024-07-01,"O mercado cripto é relativamente jovem, mas está crescendo.",Neutro
136,2024-07-01,A aceitação global das criptomoedas ainda enfrenta obstáculos.,Neutro
137,2024-07-01,O desenvolvimento de criptomoedas está avançando rapidamente.,Neutro
